tournament_id,team_id
2283,1034
2283,2593
2283,8185
2283,624
2283,7386
2283,1001
2283,11058
2283,14419
2283,13581
2283,878
2283,474
2283,14
2283,2
2283,12010
2283,1120
2283,11981
2590,13576
2590,14137
2590,13790
2590,11328
2590,731
2590,12064
2590,12685
2590,1119
2590,11981
2590,1120
2590,13581
2590,12010
2501,11058
2501,1034
2501,2
2501,188
2501,2359
2501,120
2501,2355
2501,5248
2501,15072
2501,7386
2501,2406
2501,6961
2498,474
2498,14419
2498,397
2498,4915
2498,2593
2498,1001
2498,8877
2498,2059
2498,1184
2498,7035
2498,12694
2498,11479
2500,624
2500,878
2500,8304
2500,14
2500,11060
2500,8185
2500,278
2500,17
2500,6199
2500,5448
2500,918
2500,466
2499,12010
2499,11981
2499,1120
2499,13581
2499,731
2499,1119
2499,12685
2499,11328
2499,13576
2499,12064
2499,14137
2499,13790
2282,624
2282,2593
2282,13790
2282,11058
2282,17
2282,2
2282,13581
2282,878
2282,474
2282,12010
2282,1001
2282,7386
2380,2593
2380,1001
2380,474
2380,397
2380,4915
2380,1184
2380,8877
2380,2059
2380,14419
2380,7035
2380,11479
2380,12694
2379,878
2379,17
2379,624
2379,8185
2379,8304
2379,466
2379,11060
2379,14
2379,918
2379,5448
2379,278
2379,6199
2450,1120
2450,14137
2450,12685
2450,13790
2450,11328
2450,12064
2450,11981
2450,731
2450,1119
2450,13581
2450,12010
2450,13576
2359,13581
2359,12010
2359,13790
2359,1120
2359,11981
2359,12685
2359,14137
2359,12064
2359,11328
2359,13576
2359,731
2359,1119
2347,11058
2347,2
2347,7386
2347,5248
2347,120
2347,2355
2347,1034
2347,188
2347,15072
2347,2359
2347,6961
2347,2406
2281,14
2281,11058
2281,1120
2281,2059
2281,474
2281,8185
2281,2
2281,12685
2339,12064
2339,13790
2339,12010
2339,13576
2339,731
2339,11328
2339,11981
2339,13581
2339,1119
2339,12685
2339,14137
2339,1120
2276,2059
2276,474
2276,1001
2276,1184
2276,2593
2276,397
2276,12694
2276,14419
2276,7035
2276,4915
2276,8877
2276,11479
2277,8185
2277,14
2277,17
2277,8304
2277,11060
2277,278
2277,878
2277,624
2277,466
2277,6199
2277,918
2277,5448
2274,11058
2274,2
2274,7386
2274,2355
2274,2359
2274,6961
2274,5248
2274,1034
2274,2406
2274,188
2274,120
2274,15072
2275,1120
2275,12685
2275,12010
2275,11981
2275,11328
2275,13581
2275,12064
2275,13576
2275,13790
2275,731
2275,14137
2275,1119
2097,1120
2097,1001
2097,2359
2097,2
2097,8185
2097,2593
2097,12685
2097,11058
2097,2355
2097,17
2097,2059
2097,624
2097,12010
2097,11328
2097,8304
2097,1184
2095,2359
2095,11058
2095,2355
2095,120
2095,188
2095,2
2095,1034
2095,6961
2095,5248
2095,2406
2095,7386
2096,1120
2096,11328
2096,12685
2096,12010
2096,1119
2096,13576
2096,12064
2096,731
2096,13790
2096,11981
2096,14137
2005,17
2005,8185
2005,624
2005,8304
2005,878
2005,6199
2005,14
2005,5448
2005,918
2005,278
2005,6387
2094,2593
2094,2059
2094,1001
2094,1184
2094,8877
2094,4915
2094,397
2094,474
2094,14419
2094,12694
2094,7035
1999,17
1999,1001
1999,11058
1999,120
1999,624
1999,1184
1999,1120
1999,2593
1999,2359
1999,11328
1999,14
1999,11981
2006,1120
2006,11328
2006,11981
2006,12685
2006,1119
2006,12064
2006,12010
2006,731
2006,13790
2006,14137
2006,13576
2004,120
2004,11058
2004,2359
2004,2355
2004,188
2004,6961
2004,2
2004,5248
2004,1034
2004,2406
2004,7386
1998,2593
1998,1001
1998,1184
1998,8877
1998,4915
1998,474
1998,397
1998,12694
1998,2059
1998,14419
1998,7035
2002,624
2002,17
2002,14
2002,8185
2002,6199
2002,8304
2002,918
2002,878
2002,6387
2002,5448
2002,278
1921,2
1921,17
1921,624
1921,6961
1921,8877
1921,1120
1921,1001
1921,11328
1923,2
1923,6961
1923,5248
1923,1034
1923,11058
1923,7386
1923,188
1923,2359
1923,2355
1923,2406
1923,120
1926,1120
1926,11328
1926,11981
1926,12685
1926,12010
1926,14137
1926,12064
1926,13576
1926,13790
1926,731
1926,1119
1925,8877
1925,1001
1925,4915
1925,2593
1925,2059
1925,7035
1925,1184
1925,474
1925,12694
1925,14419
1925,397
1924,17
1924,624
1924,14
1924,8185
1924,6199
1924,5448
1924,918
1924,8304
1924,878
1924,6387
1924,278
1880,1120
1880,11985
1880,11328
1880,12685
1880,1837
1880,14137
1880,11981
1880,13532
1880,804
1880,12010
1880,1108
1880,13556
1880,13564
1880,12011
1880,12784
1880,1119
1880,9052
1880,5944
1880,12785
1880,11980
1880,13580
1880,13579
1880,13574
1880,12532
1880,13790
1880,906
1880,13582
1880,13576
1880,12064
1880,11983
1880,13514
1880,1224
1880,12009
1880,13581
1880,4462
1880,5461
1880,13575
1880,13577
1880,12736
1880,14138
1880,731
1880,11986
1825,1120
1825,12685
1825,11985
1825,1837
1825,12010
1825,11328
1825,804
1825,731
1825,13514
1825,11981
1825,13576
1825,11980
1825,11983
1825,4683
1825,13532
1825,5944
1825,13582
1825,9052
1825,1119
1825,12784
1825,12785
1825,4462
1825,12532
1825,12128
1825,5461
1825,13574
1825,1224
1825,13579
1825,12011
1825,12064
1825,12009
1825,13788
1825,13581
1825,13790
1825,13556
1825,12783
1825,13789
1825,11986
1825,13575
1825,906
1825,13564
1825,13580
1825,13578
1825,13791
1747,1120
1747,11985
1747,11328
1747,12685
1747,12010
1747,1837
1747,731
1747,1224
1747,804
1747,5944
1747,12064
1747,12783
1747,11981
1747,13564
1747,12784
1747,11983
1747,13575
1747,12532
1747,13579
1747,13581
1747,1119
1747,13532
1747,13574
1747,4462
1747,13514
1747,13576
1747,13577
1747,9052
1747,4683
1747,13578
1747,11980
1747,12128
1747,5461
1747,12736
1747,12011
1747,13556
1747,11986
1747,13582
1747,6093
1747,906
1747,13580
1657,5248
1657,624
1657,6961
1657,2593
1657,8185
1657,1120
1657,12010
1657,1184
1657,1034
1657,2304
1657,14
1657,4915
1657,2355
1657,11328
1657,5448
1657,474
1658,2355
1658,2359
1658,188
1658,2
1658,120
1658,2406
1658,7386
1659,2304
1659,4915
1659,7035
1659,8877
1659,1001
1659,397
1660,5448
1660,6199
1660,17
1660,878
1660,918
1660,8304
1660,278
1664,1120
1664,12010
1664,11328
1664,731
1664,1837
1664,12685
1664,9052
1664,1224
1664,11980
1664,804
1664,4462
1664,11981
1664,1211
1664,12202
1664,5944
1664,12011
1664,12064
1664,4460
1664,4683
1664,11985
1664,11983
1494,2593
1494,5248
1494,624
1494,1034
1494,474
1494,1120
1494,8185
1494,6961
1494,14
1494,1184
1494,1837
1494,4915
1189,6961
1189,1034
1189,5248
1189,188
1189,2359
1189,2406
1189,2
1189,120
1189,7386
1189,2355
1190,474
1190,2593
1190,1184
1190,4915
1190,2304
1190,2059
1190,397
1190,1001
1190,7035
1190,8877
1191,624
1191,8185
1191,14
1191,17
1191,6199
1191,5448
1191,878
1191,918
1191,8304
1191,278
1188,2593
1188,6961
1188,8185
1188,4915
1188,1034
1188,8304
1188,2359
1188,120
1188,2304
1188,8877
1188,188
1188,5248
1188,6199
1188,2059
1188,1184
1188,2406
1188,7035
1188,278
1188,17
1188,11328
1188,397
1188,624
1188,1001
1188,7386
1188,474
1188,2355
1188,5448
1188,918
1188,878
1188,1120
1188,2
1188,14
1188,12066
1188,12065
1015,6961
1015,8127
1015,8185
1015,628
1015,533
1015,2593
1015,2359
1015,474
1015,624
1015,5448
1015,2355
1015,120
1015,1120
1015,466
1015,7397
1015,2406
1111,2355
1111,2406
1111,6946
1111,4894
1111,7391
1111,367
1111,7269
1111,724
1130,120
1130,6675
1130,337
1130,188
1130,2
1130,1034
1130,9353
1130,5248
1117,474
1117,8326
1117,257
1117,8903
1117,4915
1117,1209
1117,3531
1117,397
1083,1120
1083,8182
1083,2988
1083,5443
1083,277
1083,104
1083,8086
1083,2542
1084,466
1084,2032
1084,6387
1084,6199
1084,1208
1084,4210
1084,4325
1084,1110
1084,3107
1084,4330
1014,628
1014,624
1014,8127
1014,2593
1014,8185
1014,2359
1014,1209
1014,533
1014,2355
1014,2988
1014,6961
1014,7397
1113,1208
1113,8448
1113,1319
1113,8591
1113,7313
1113,7312
1085,2355
1085,7391
1086,2359
1086,2355
1086,7269
1086,724
800,533
800,8127
800,337
800,1034
800,5248
800,120
800,2291
800,642
800,6675
800,188
800,106
800,2
800,1615
800,6461
800,6451
800,4345
800,17
800,8370
800,4346
800,7854
800,2348
800,470
800,4388
800,2350
800,14
800,793
800,3337
800,2815
800,8569
800,2938
800,5038
800,5829
800,3748
800,6045
800,8568
800,8460
800,7049
800,5832
800,12836
800,1267
800,8357
800,8264
800,7853
911,6961
911,7391
911,4894
911,7332
911,7386
911,2406
911,7013
911,6946
911,243
911,581
911,1311
911,8266
911,5322
911,7337
911,7349
911,6406
911,8267
911,8269
911,8335
911,8330
911,8298
911,7355
911,7640
911,4958
911,7374
911,6220
911,7383
911,7055
911,2343
984,2593
984,628
984,1209
984,8326
984,3531
984,474
984,8903
984,397
984,257
984,4915
984,6882
984,472
1063,624
1063,7397
1063,6199
1063,2032
1063,1110
1063,6387
1063,3107
1063,466
1063,9161
1063,878
1063,1208
1063,4330
1063,4210
1063,918
1063,3136
1063,4993
1063,4325
1063,8928
1063,2917
1063,5931
1013,2988
1013,5448
1013,277
1013,104
1013,516
1013,2108
1013,6793
1013,283
998,8185
998,8086
998,2542
998,2554
998,8182
998,2559
998,8099
998,8897
988,2355
988,2359
988,367
988,2354
988,5562
988,8734
988,8735
988,4989
983,7269
983,724
983,8691
983,4094
983,363
983,3322
983,8690
983,1991
996,918
996,2917
996,8904
996,799
996,8369
996,8936
996,4829
996,1033
996,8485
996,795
996,8108
996,910
996,8963
996,8966
996,8961
996,8970
996,8023
996,8483
996,5905
996,8962
996,8964
996,8965
996,8967
996,5895
996,6300
996,8969
996,4733
996,5455
996,8991
996,8484
996,8993
996,7900
996,8990
996,2919
996,8992
996,5998
996,4832
996,4680
996,7898
996,6001
1012,283
1012,277
1012,6793
1012,2108
1012,6798
1012,278
1012,6869
1012,294
991,4330
991,4325
991,5931
991,8796
991,7057
991,7063
991,7060
991,8470
991,6776
991,8586
991,8545
991,6969
991,8795
991,7061
991,7065
991,8467
991,8587
991,7961
991,7912
991,5953
882,6199
882,3136
882,878
882,4150
882,6389
882,4251
882,5366
882,7031
882,7037
882,3718
882,6262
882,8381
882,7039
882,8304
882,8007
882,8802
882,8799
882,8375
882,1929
882,8798
882,8797
882,7603
972,7397
972,4993
972,4210
972,4050
972,2112
972,623
972,8572
972,6665
972,8813
972,8815
972,5428
972,6595
972,8823
972,8824
972,7685
972,8107
965,2032
965,1110
965,466
965,2814
965,8422
965,8309
965,3437
965,8925
965,8701
965,8383
965,8704
965,2568
965,8698
965,8699
965,7591
965,5254
965,8703
965,8697
965,8700
965,8702
965,5958
977,3107
977,8928
977,8931
977,619
977,8932
977,3108
977,3112
977,7915
977,8927
977,8382
977,8929
977,5333
963,624
963,3351
963,6387
963,7987
963,1331
963,879
963,8124
963,7040
963,8971
963,8741
963,7973
960,1208
960,8448
960,8591
960,7313
960,8538
960,1319
960,591
960,7312
960,7318
960,8536
960,8535
960,7320
960,8537
960,6487
960,6192
960,7314
960,8539
960,8540
997,2988
997,5448
997,516
997,104
997,277
997,6793
997,6798
997,294
926,8127
926,6961
926,5448
926,624
926,257
926,8185
926,6675
926,474
926,628
926,7391
926,7397
926,2593
926,2355
955,8586
955,7912
955,4860
955,8587
955,7961
955,7065
955,8545
955,8469
955,8467
955,8470
955,8468
885,6882
885,472
885,4696
885,6750
885,4567
885,5441
885,3525
885,7969
885,7963
948,7391
948,2359
925,2355
925,2359
925,724
925,7269
799,6675
799,8127
799,188
799,533
799,2815
799,642
799,2
799,1615
799,120
799,1034
799,5248
799,337
799,637
799,2350
799,473
799,4940
799,6461
799,2291
799,5444
799,106
799,468
799,4388
799,856
799,470
799,17
799,6164
799,14
799,4345
799,7966
799,7853
799,2348
799,5832
799,8052
799,1654
799,6653
799,3337
799,793
799,6146
799,8063
799,4880
799,5482
799,4529
799,4346
854,628
854,257
854,2593
854,474
854,1209
854,8326
854,4915
854,397
854,6460
854,3531
854,472
854,4567
850,8185
850,8182
850,8075
850,2542
850,8086
850,2554
850,8088
850,8082
850,8090
850,7896
850,8099
850,6995
850,2559
850,8104
850,8094
850,8079
850,6622
850,6725
850,8092
850,8100
850,8101
850,5340
850,1132
850,8097
850,5339
850,8080
850,8081
850,6624
850,8087
850,8093
850,8098
850,8102
850,8103
850,8105
850,8091
850,8096
850,8076
850,1329
850,8083
850,8084
850,8077
850,8078
850,5346
850,8085
850,8089
850,8095
853,5448
853,277
853,6869
853,516
853,2988
853,104
853,294
853,6798
884,624
884,7397
884,6387
884,466
884,8309
884,4050
884,4210
884,4150
884,4325
884,7313
884,2032
884,799
884,7987
884,4330
884,7031
884,3108
884,5366
884,3107
884,5931
884,918
845,2359
845,2355
845,367
845,2354
845,7695
845,3942
852,2988
852,294
852,516
852,6798
852,2108
852,205
852,2934
852,283
844,724
844,7269
844,4094
844,363
844,2364
844,3322
842,7397
842,4210
842,4050
842,6665
842,623
842,497
842,4875
842,2112
842,8107
842,4993
842,8106
842,1485
842,5428
842,7685
842,7684
842,8011
842,7682
842,7680
842,6944
823,466
823,7600
823,2032
823,1110
823,3437
823,2814
823,2568
823,5960
823,4061
823,7390
823,7592
823,7620
823,3652
823,7585
823,7618
823,7578
851,104
851,5448
851,6869
851,277
851,2934
851,2108
851,283
851,2988
840,799
840,918
840,2917
840,4809
840,797
840,910
840,8108
840,795
840,4808
840,8027
840,8112
840,5902
840,8111
840,8115
840,8109
840,8110
840,8113
840,8114
840,4733
840,4829
840,8071
840,1958
840,1033
840,8069
840,4680
840,8070
840,8072
840,7041
840,8073
840,7040
840,7897
840,5904
840,5905
840,8031
840,8033
840,8035
840,8036
840,5935
840,8030
840,8025
840,8026
840,8028
840,8029
840,8023
840,6384
840,7034
840,4807
840,8024
840,6477
840,7898
840,6472
840,7899
840,7900
840,2144
840,7901
840,7902
841,4150
841,7031
841,5366
841,3136
841,4855
841,6199
841,6389
841,8001
883,4325
883,4330
883,5931
883,7063
883,7066
883,7061
883,7057
883,6969
883,6776
883,6970
883,7060
883,7675
883,7650
883,7394
883,5953
883,7911
858,624
858,6387
858,7987
858,6718
858,7985
858,8124
858,7980
858,6942
858,879
858,1919
858,8022
858,7978
858,6943
858,7982
858,7971
858,7973
858,6844
858,7972
858,7992
879,3108
879,3107
879,3490
879,6397
879,7916
879,7915
879,7914
879,4275
795,257
795,6460
795,3525
795,2059
795,4663
795,2533
795,6750
795,673
829,6961
829,7391
829,4894
829,2406
829,243
829,6946
829,581
829,1916
829,420
829,3512
829,5322
829,7349
829,7309
829,6406
829,7667
829,6766
829,7344
829,7640
829,7370
829,7637
829,6884
829,7355
829,6479
830,7313
830,1208
830,7318
830,1319
830,591
830,7312
830,6726
830,7319
812,6970
812,7066
812,6969
812,7060
812,7911
812,5953
812,7961
812,4322
812,7057
812,7675
812,7394
812,7673
812,5931
812,6999
812,4860
812,7393
812,7396
812,7063
812,7061
812,5954
812,5378
812,4330
812,6776
812,4324
812,6967
812,6971
796,4915
796,967
796,6110
796,6313
796,7539
796,7401
796,3997
796,3361
797,397
797,1184
797,4686
797,4696
797,4572
797,4762
797,2908
797,2903
792,1209
792,472
792,2059
792,2533
792,6750
792,4663
792,257
792,3908
793,4567
793,4686
793,397
793,4762
793,4572
793,1184
793,5310
793,1675
794,628
794,4915
794,6313
794,967
794,3361
794,6267
794,7243
794,604
449,3531
449,682
449,2355
449,474
449,2593
449,2112
449,188
449,6199
449,427
449,420
449,198
449,2
449,4894
449,4050
449,2406
449,277
558,188
558,637
558,120
558,533
558,2815
558,17
558,337
558,642
561,2406
561,719
561,243
561,581
561,4094
561,3512
561,363
561,724
559,474
559,1209
559,257
559,1184
559,4567
559,921
559,6267
559,1466
560,4050
560,2988
560,2542
560,2328
560,1670
560,624
560,466
560,918
560,2934
560,104
450,1466
450,1471
450,3527
450,1470
450,1464
450,1592
450,1594
450,6193
466,682
466,427
466,120
466,257
466,198
466,2
466,3531
466,2355
466,277
466,4567
466,4894
466,1670
466,624
466,581
466,5448
466,6389
649,1208
649,4963
649,4036
649,1696
649,1323
649,6126
649,591
649,1352
664,1466
664,4574
664,6037
664,4918
664,5396
664,1596
664,6162
664,1742
664,3527
664,4811
664,6159
664,4569
664,3621
664,6160
664,5402
664,6161
570,6389
570,624
570,1110
570,4050
570,466
570,5931
570,4325
570,904
570,623
570,2032
570,2112
570,5413
570,4329
570,6397
570,3717
570,3136
536,4894
536,581
536,2406
536,420
536,7013
536,3512
536,4927
536,243
547,682
547,4567
547,3531
547,257
547,2304
547,474
547,1209
547,108
547,4915
547,4686
547,628
547,921
621,2355
621,719
621,4094
621,363
621,724
621,3322
621,367
621,5996
578,2
578,120
578,427
578,533
578,637
578,337
578,106
578,642
595,198
595,1670
595,2542
595,1970
595,2328
595,5355
595,2554
595,2806
595,5342
595,5346
595,4026
595,3315
595,5337
595,4451
595,4764
595,5351
595,5339
595,5340
595,5343
595,5344
595,1139
595,5349
595,5348
595,2556
595,5338
595,5341
595,2555
595,5345
595,5353
595,5350
595,5347
595,5356
540,5448
540,277
540,2988
540,2934
540,2987
540,5148
540,513
540,104
535,581
535,2406
535,4894
535,4927
535,2428
535,1916
535,3290
535,5316
625,466
625,878
625,5960
625,3652
625,4893
625,5963
625,5541
625,2814
567,623
567,5427
567,5984
567,5426
567,4278
567,2270
567,4993
567,4994
569,624
569,1919
569,2532
569,2505
569,5608
569,5976
569,879
569,3613
569,2506
569,1948
569,5980
569,5975
569,7973
569,3357
569,1921
569,5977
569,5978
569,5979
569,5607
581,3136
581,3718
581,4891
581,4251
581,5367
581,4150
581,5491
581,5433
604,4329
604,4331
604,4324
604,4330
604,5615
604,388
604,4860
604,5378
574,6397
574,2303
574,3107
574,3179
574,5329
574,5333
574,5988
574,5673
517,3322
517,724
517,4987
517,2364
517,2360
517,367
517,2354
517,4355
576,106
576,337
576,642
576,637
576,14
576,17
576,4940
576,2815
544,474
544,2304
544,2593
544,4663
544,3908
544,2373
544,2533
544,2059
545,4686
545,4669
545,2908
545,2036
545,1184
545,1913
545,1453
545,397
546,108
546,6267
546,1341
546,1342
546,488
546,4518
546,10094
546,4621
534,7013
534,3512
534,420
534,243
534,5316
534,2428
534,1916
534,2406
611,1110
611,466
611,2814
611,3652
611,878
611,1700
611,2029
611,5541
573,904
573,6397
573,3107
573,5333
573,5673
573,5329
573,5332
573,3112
573,5674
568,5413
568,624
568,2532
568,1919
568,617
568,879
568,3613
568,3524
568,5608
568,5408
568,5611
568,3616
603,4325
603,4330
603,388
603,4331
603,2151
603,4329
603,4322
603,4324
603,5378
580,3717
580,4891
580,3136
580,4251
580,1926
580,4150
580,5491
580,4855
566,4050
566,4993
566,2270
566,4994
566,5427
566,5419
566,2741
566,4875
539,2934
539,104
539,2987
539,5148
539,2983
539,5156
539,4019
539,2986
555,2032
555,2814
555,466
555,3652
555,1695
555,1700
555,5266
555,3141
564,2112
564,4050
564,2270
564,5427
564,4537
564,623
564,989
564,4875
579,6389
579,3717
579,4855
579,4891
579,3504
579,4150
579,1929
579,1926
538,5448
538,277
538,2988
538,513
538,2986
538,2983
538,4019
538,5156
557,918
557,799
557,4809
557,2917
557,4808
557,910
557,5900
557,5902
557,6003
557,4807
557,5907
557,5895
557,4806
557,5936
594,1208
594,4963
594,1696
594,591
594,4036
594,1323
594,6047
594,3279
594,4693
594,4074
533,420
533,243
533,2406
533,3512
533,5316
533,2428
533,7013
533,581
516,4094
516,363
516,724
516,2364
516,1991
516,4989
516,3129
516,3322
516,2355
516,719
516,367
516,2360
516,4355
516,361
516,4982
516,3942
520,2
520,533
520,120
520,427
520,4940
520,17
520,637
520,2815
541,3531
541,257
541,1209
541,628
541,474
541,2593
541,3908
541,2373
600,4326
600,388
600,4325
600,4329
600,4324
600,5334
600,2151
600,4330
469,1594
469,3382
469,4726
469,5395
469,5397
469,5393
469,5394
469,5398
469,1471
469,1466
469,5404
469,4685
469,4338
469,4918
469,4426
469,5405
469,1464
469,5401
469,5399
469,3527
469,5403
469,3550
469,5400
469,5402
542,4567
542,921
542,1184
542,4686
542,1453
542,397
542,1675
542,2903
543,682
543,5032
543,108
543,6267
543,1341
543,1342
543,10094
543,604
403,1696
403,1208
403,4468
403,1323
403,591
403,4036
403,1352
403,3279
403,865
403,4420
403,831
403,4073
403,2826
353,2
353,2593
353,2328
353,474
353,420
353,2815
353,2355
353,2112
353,3512
353,277
477,1466
477,1471
477,1594
477,3382
477,4574
477,4577
477,4575
477,4332
477,1464
477,3527
477,4453
477,3550
477,4569
477,3554
477,4452
477,4570
398,2355
398,363
398,4094
398,367
398,724
398,4353
398,3322
398,3942
366,420
366,3512
366,2406
366,581
366,1916
366,243
366,203
366,2428
372,2
372,2815
372,188
372,427
372,120
372,1034
372,533
372,856
376,474
376,2593
376,682
376,921
376,628
376,1209
376,1184
376,397
429,2112
429,4050
429,624
429,1915
429,6389
429,2746
429,904
429,466
429,4325
429,4324
426,2328
426,2542
426,198
426,3945
426,2806
426,1970
426,1670
426,1140
426,2559
426,2561
426,3311
426,4030
426,2556
426,1327
426,4025
426,2554
441,277
441,279
441,104
441,516
441,2988
441,282
441,2934
441,280
423,1592
423,1591
423,3635
423,3382
423,1742
423,4333
423,4332
423,1596
423,1470
423,1466
423,1469
423,4334
423,4337
423,4338
423,4336
423,6993
423,1910
423,1464
423,4339
423,4340
423,4342
423,4343
423,3621
423,4341
365,2428
365,1916
365,203
365,581
365,4049
365,417
365,695
365,4394
365,7013
365,1830
365,4321
365,1911
371,2
371,188
371,1034
371,856
371,103
371,106
371,14
371,473
371,17
371,3597
371,337
371,642
397,3322
397,4094
397,4358
397,3125
397,3129
397,2363
397,1991
397,2362
397,4361
397,1993
397,4359
397,4006
397,4353
397,3942
397,2354
397,361
397,1249
397,2360
397,2596
397,4356
397,4355
397,4352
397,2359
421,466
421,2814
421,3652
421,1110
421,2029
421,1700
421,3141
421,4059
422,4050
422,623
422,622
422,2270
422,4153
422,3689
422,4155
422,1485
395,4325
395,4324
395,4327
395,4326
395,4329
395,4331
395,4323
395,388
395,4330
395,4322
395,2151
395,4328
432,2746
432,1932
432,3692
432,4251
432,3349
432,2952
432,3717
432,4397
452,904
452,3546
452,3107
452,3179
452,3490
452,2303
452,3184
452,4273
440,104
440,516
440,2934
440,280
440,2987
440,4009
440,2996
440,1734
399,624
399,617
399,2532
399,879
399,3348
399,1919
399,3524
399,1942
364,243
364,2406
364,420
364,3512
364,581
364,2428
364,3664
364,1916
364,4044
364,4045
364,3560
364,1830
375,2593
375,474
375,3908
375,2059
375,257
375,3531
375,3
375,3604
375,439
392,397
392,935
392,1913
392,1453
392,3474
392,2416
392,3259
392,5310
420,1915
420,2814
420,1110
420,466
420,3141
420,3652
420,4059
420,1700
420,2029
433,904
433,3546
433,2303
433,3179
433,4273
433,3490
433,3184
433,3107
431,6389
431,2747
431,1932
431,4251
431,3717
431,2952
431,2746
431,3692
431,3349
383,3348
383,2532
383,879
383,3524
383,627
383,2505
383,624
383,617
383,1942
383,1919
370,120
370,533
370,427
370,2815
370,188
370,103
370,473
370,856
396,363
396,724
396,3125
396,2363
396,3129
396,3322
396,3127
396,1831
396,2355
396,367
396,2360
396,644
396,2596
396,361
396,721
396,3942
377,2988
377,279
377,282
377,277
377,280
377,2987
377,2996
377,4009
374,628
374,1209
374,439
374,3
374,2059
374,1001
374,2533
374,3531
374,3541
374,2304
374,3082
374,474
374,3303
374,324
374,2593
374,2373
387,108
387,1020
387,10094
387,1341
387,2049
387,604
387,6267
387,682
388,1184
388,921
388,397
388,3261
388,3725
388,5310
388,1453
388,935
385,1932
385,6389
385,2747
385,2746
385,1926
385,3692
385,1929
385,3717
384,904
384,3546
384,2303
384,3107
384,3179
384,3490
384,3700
384,6397
386,2112
386,623
386,4050
386,1481
386,3691
386,2270
386,3689
386,1485
379,466
379,1110
379,1915
379,3652
379,2031
379,2814
379,2568
379,1700
373,1919
373,624
373,1942
373,617
373,627
373,3348
373,1951
373,1921
373,3615
373,1946
391,682
391,6267
391,1020
391,108
391,10094
391,604
391,1341
391,3808
391,3997
391,3952
391,2118
391,488
363,420
363,2406
363,2428
363,3512
363,243
363,1830
363,2343
363,3222
340,4094
340,724
340,3322
340,363
340,1991
340,3129
340,3125
340,777
340,719
340,644
340,361
340,2355
340,2358
340,367
340,3942
340,2354
338,420
338,243
338,203
338,2406
338,3512
338,1830
338,1911
338,2428
333,2
333,337
333,17
333,427
333,642
333,120
333,103
333,533
334,3531
334,1001
334,628
334,1209
334,3908
334,3
334,2533
334,2566
342,1184
342,397
342,1913
342,921
342,2416
342,6132
342,1453
342,1675
344,682
344,108
344,1020
344,10094
344,6267
344,1341
344,2049
344,488
351,198
351,2328
351,2933
351,2542
351,1970
351,2806
351,2548
351,1670
347,2112
347,617
347,3546
347,466
347,4050
347,6389
347,3717
347,1915
352,277
352,279
352,104
352,516
352,280
352,1734
352,2108
352,2934
297,1208
297,591
297,3279
297,1319
297,1696
297,1352
297,2826
297,435
297,865
297,2286
297,27
297,2900
348,3106
348,6397
348,3184
348,3112
348,3490
348,3107
349,2112
349,4210
349,623
349,4050
349,3164
349,2270
349,989
349,1106
296,466
296,1110
296,2032
296,2814
296,3132
296,2569
296,1700
296,1698
294,617
294,3524
294,3348
294,624
294,1942
294,1919
294,2532
294,3505
294,3353
294,2821
294,2921
294,3355
324,337
324,120
324,642
324,17
324,1034
324,106
324,14
324,3187
324,631
324,188
324,382
324,2815
326,1911
326,3512
326,203
326,2428
326,889
326,2343
326,3222
326,7309
326,2440
339,2416
339,1913
339,1184
339,1675
339,6132
339,935
339,3261
339,2036
328,1209
328,1982
328,2566
328,2577
328,2965
328,2593
328,257
328,324
328,2819
328,2304
328,2562
328,2373
343,488
343,10094
343,108
343,1341
343,3371
343,3250
343,2118
343,1266
350,1934
350,2957
350,3136
350,3504
350,1926
350,2747
350,2749
350,1932
350,2956
336,2548
336,2542
336,1970
336,1670
336,1140
336,1025
336,2554
336,3314
336,3311
336,2765
336,2549
336,3315
345,104
345,2934
345,280
345,2108
345,1732
345,283
345,282
345,3275
323,1991
323,777
323,3129
323,3125
323,2606
323,2363
323,374
323,2602
323,2358
323,367
323,676
323,2354
323,2359
323,645
323,2431
323,1988
327,2909
327,397
327,1453
327,921
327,6132
327,1184
327,1913
327,2416
327,1675
327,3265
327,1238
327,2908
330,6267
330,682
330,1020
330,2049
330,1341
330,108
330,10094
330,488
330,2317
330,2398
330,2891
330,2835
325,3179
325,3106
325,904
325,6397
325,3112
325,3182
325,3184
325,3107
295,1915
295,466
295,1700
295,1110
295,2569
295,3155
295,2030
295,2814
331,279
331,277
331,1734
331,516
331,3275
331,104
331,1732
331,2108
293,2150
293,958
293,1919
293,624
293,617
293,2505
293,2509
293,2532
293,2921
293,1978
293,1942
293,879
318,1481
318,2112
318,4050
318,623
318,1106
318,2742
318,1485
318,2270
306,427
306,2
306,103
306,533
306,642
306,120
306,17
306,337
306,468
306,106
306,473
306,856
302,1831
302,724
302,363
302,2365
302,374
302,2363
302,777
302,2602
302,719
302,644
302,2355
302,361
302,2358
302,2354
302,676
302,367
301,243
301,1830
301,2406
301,420
301,2343
301,2428
301,1911
301,7309
320,2533
320,3
320,628
320,1001
320,2965
320,2593
320,257
320,324
307,198
307,2933
307,2328
307,2806
307,1025
307,1970
307,2554
307,2542
316,104
316,279
316,1734
316,516
316,282
316,280
316,513
316,278
317,6389
317,1934
317,3136
317,1932
317,2956
317,2957
317,2749
317,2747
311,2416
311,397
311,921
311,1184
311,6132
311,2909
311,4762
311,5310
300,6267
300,682
300,1020
300,1341
300,488
300,2391
300,10094
300,2307
291,2
291,103
291,642
291,533
291,17
291,427
291,856
291,1034
292,2406
292,420
292,2428
292,1911
292,1830
292,2440
292,889
292,1311
290,628
290,324
290,2567
290,3
290,257
290,1209
290,2593
290,474
290,2351
290,2059
290,2408
290,2533
290,1071
290,2319
290,2304
290,6139
321,619
321,3106
321,904
321,6397
321,3103
321,3107
321,2042
321,3112
298,2542
298,198
298,2554
298,1331
298,1970
298,2546
298,1025
298,2561
287,466
287,1110
287,2569
287,3652
287,1915
287,2030
287,2573
287,2576
304,6389
304,2747
304,1931
304,2749
304,1934
304,2746
304,1926
304,1935
277,958
277,617
277,1919
277,2509
277,2505
277,879
277,2504
277,2532
303,2112
303,2270
303,1481
303,2742
303,2743
303,623
303,2741
303,1485
285,644
285,2355
285,361
285,367
285,724
285,1831
285,363
285,2363
572,3107
572,6397
572,5328
572,5327
572,5329
572,3488
572,5332
572,4868
572,4273
572,3112
572,5333
572,5330
572,5331
572,2303
565,624
565,5413
565,879
565,3613
565,617
565,1919
565,5408
565,1921
565,2506
565,1948
565,5407
565,5409
565,7973
565,5411
565,5412
565,2532
565,1951
