prize_pool,name,region,url,tournament_id
2250000,Valorant Champions 2025,mod-fr,https://www.vlr.gg/event/2283/valorant-champions-2025,2283
0,China Evolution Series: Act 3,mod-cn,https://www.vlr.gg/event/2590/china-evolution-series-act-3,2590
250000,VCT 2025: Americas Stage 2,mod-us,https://www.vlr.gg/event/2501/vct-2025-americas-stage-2,2501
250000,VCT 2025: EMEA Stage 2,mod-de,https://www.vlr.gg/event/2498/vct-2025-emea-stage-2,2498
250000,VCT 2025: Pacific Stage 2,mod-kr,https://www.vlr.gg/event/2500/vct-2025-pacific-stage-2,2500
0,VCT 2025: China Stage 2,mod-cn,https://www.vlr.gg/event/2499/vct-2025-china-stage-2,2499
1000000,Valorant Masters Toronto 2025,mod-ca,https://www.vlr.gg/event/2282/valorant-masters-toronto-2025,2282
0,VCT 2025: EMEA Stage 1,mod-de,https://www.vlr.gg/event/2380/vct-2025-emea-stage-1,2380
0,VCT 2025: Pacific Stage 1,mod-kr,https://www.vlr.gg/event/2379/vct-2025-pacific-stage-1,2379
0,China Evolution Series: Act 2 X Asian Champions League,mod-cn,https://www.vlr.gg/event/2450/china-evolution-series-act-2-x-asian-champions-league,2450
0,VCT 2025: China Stage 1,mod-cn,https://www.vlr.gg/event/2359/vct-2025-china-stage-1,2359
0,VCT 2025: Americas Stage 1,mod-us,https://www.vlr.gg/event/2347/vct-2025-americas-stage-1,2347
500000,Valorant Masters Bangkok 2025,mod-th,https://www.vlr.gg/event/2281/valorant-masters-bangkok-2025,2281
0,China Evolution Series: Act 1,mod-cn,https://www.vlr.gg/event/2339/china-evolution-series-act-1,2339
0,VCT 2025: EMEA Kickoff,mod-de,https://www.vlr.gg/event/2276/vct-2025-emea-kickoff,2276
250000,VCT 2025: Pacific Kickoff,mod-kr,https://www.vlr.gg/event/2277/vct-2025-pacific-kickoff,2277
0,VCT 2025: Americas Kickoff,mod-us,https://www.vlr.gg/event/2274/vct-2025-americas-kickoff,2274
0,VCT 2025: China Kickoff,mod-cn,https://www.vlr.gg/event/2275/vct-2025-china-kickoff,2275
2250000,Valorant Champions 2024,mod-kr,https://www.vlr.gg/event/2097/valorant-champions-2024,2097
250000,Champions Tour 2024: Americas Stage 2,mod-us,https://www.vlr.gg/event/2095/champions-tour-2024-americas-stage-2,2095
0,Champions Tour 2024: China Stage 2,mod-cn,https://www.vlr.gg/event/2096/champions-tour-2024-china-stage-2,2096
250000,Champions Tour 2024: Pacific Stage 2,mod-kr,https://www.vlr.gg/event/2005/champions-tour-2024-pacific-stage-2,2005
250000,Champions Tour 2024: EMEA Stage 2,mod-de,https://www.vlr.gg/event/2094/champions-tour-2024-emea-stage-2,2094
1000000,Champions Tour 2024: Masters Shanghai,mod-cn,https://www.vlr.gg/event/1999/champions-tour-2024-masters-shanghai,1999
0,Champions Tour 2024: China Stage 1,mod-cn,https://www.vlr.gg/event/2006/champions-tour-2024-china-stage-1,2006
0,Champions Tour 2024: Americas Stage 1,mod-us,https://www.vlr.gg/event/2004/champions-tour-2024-americas-stage-1,2004
0,Champions Tour 2024: EMEA Stage 1,mod-de,https://www.vlr.gg/event/1998/champions-tour-2024-emea-stage-1,1998
0,Champions Tour 2024: Pacific Stage 1,mod-kr,https://www.vlr.gg/event/2002/champions-tour-2024-pacific-stage-1,2002
500000,Champions Tour 2024: Masters Madrid,mod-es,https://www.vlr.gg/event/1921/champions-tour-2024-masters-madrid,1921
0,Champions Tour 2024: Americas Kickoff,mod-us,https://www.vlr.gg/event/1923/champions-tour-2024-americas-kickoff,1923
0,Champions Tour 2024: China Kickoff,mod-cn,https://www.vlr.gg/event/1926/champions-tour-2024-china-kickoff,1926
0,Champions Tour 2024: EMEA Kickoff,mod-de,https://www.vlr.gg/event/1925/champions-tour-2024-emea-kickoff,1925
0,Champions Tour 2024: Pacific Kickoff,mod-kr,https://www.vlr.gg/event/1924/champions-tour-2024-pacific-kickoff,1924
40988,China Evolution Series Act 3: Heritability,mod-cn,https://www.vlr.gg/event/1880/china-evolution-series-act-3-heritability,1880
41671,China Evolution Series Act 2: Selection,mod-cn,https://www.vlr.gg/event/1825/china-evolution-series-act-2-selection,1825
40941,China Evolution Series Act 1: Variation,mod-cn,https://www.vlr.gg/event/1747/china-evolution-series-act-1-variation,1747
2250000,Valorant Champions 2023,mod-us,https://www.vlr.gg/event/1657/valorant-champions-2023,1657
0,Champions Tour 2023: Americas Last Chance Qualifier,mod-us,https://www.vlr.gg/event/1658/champions-tour-2023-americas-last-chance-qualifier,1658
0,Champions Tour 2023: EMEA Last Chance Qualifier,mod-eu,https://www.vlr.gg/event/1659/champions-tour-2023-emea-last-chance-qualifier,1659
0,Champions Tour 2023: Pacific Last Chance Qualifier,mod-kr,https://www.vlr.gg/event/1660/champions-tour-2023-pacific-last-chance-qualifier,1660
0,Champions Tour 2023: Champions China Qualifier,mod-cn,https://www.vlr.gg/event/1664/champions-tour-2023-champions-china-qualifier,1664
1000000,Champions Tour 2023: Masters Tokyo,mod-jp,https://www.vlr.gg/event/1494/champions-tour-2023-masters-tokyo,1494
250000,Champions Tour 2023: Americas League,mod-us,https://www.vlr.gg/event/1189/champions-tour-2023-americas-league,1189
250000,Champions Tour 2023: EMEA League,mod-de,https://www.vlr.gg/event/1190/champions-tour-2023-emea-league,1190
250000,Champions Tour 2023: Pacific League,mod-kr,https://www.vlr.gg/event/1191/champions-tour-2023-pacific-league,1191
500000,Champions Tour 2023: LOCK//IN São Paulo,mod-br,https://www.vlr.gg/event/1188/champions-tour-2023-lock-in-s-o-paulo,1188
1000000,Valorant Champions 2022,mod-tr,https://www.vlr.gg/event/1015/valorant-champions-2022,1015
48645,Champions Tour South America: Last Chance Qualifier,mod-br,https://www.vlr.gg/event/1111/champions-tour-south-america-last-chance-qualifier,1111
0,Champions Tour North America: Last Chance Qualifier,mod-us,https://www.vlr.gg/event/1130/champions-tour-north-america-last-chance-qualifier,1130
51030,Champions Tour EMEA: Last Chance Qualifier,mod-eu,https://www.vlr.gg/event/1117/champions-tour-emea-last-chance-qualifier,1117
0,Champions Tour East Asia: Last Chance Qualifier,mod-un,https://www.vlr.gg/event/1083/champions-tour-east-asia-last-chance-qualifier,1083
0,Champions Tour Asia-Pacific: Last Chance Qualifier,mod-un,https://www.vlr.gg/event/1084/champions-tour-asia-pacific-last-chance-qualifier,1084
650000,Valorant Champions Tour Stage 2: Masters Copenhagen,mod-dk,https://www.vlr.gg/event/1014/valorant-champions-tour-stage-2-masters-copenhagen,1014
20788,Oceania Tour: Championship,mod-au,https://www.vlr.gg/event/1113/oceania-tour-championship,1113
0,Champions Tour LATAM/BR Stage 2: Last Chance Qualifier,mod-ar,https://www.vlr.gg/event/1085/champions-tour-latam-br-stage-2-last-chance-qualifier,1085
50000,Champions Tour Latin America Stage 2: Playoffs,mod-ar,https://www.vlr.gg/event/1086/champions-tour-latin-america-stage-2-playoffs,1086
200000,Champions Tour North America Stage 2: Challengers,mod-us,https://www.vlr.gg/event/800/champions-tour-north-america-stage-2-challengers,800
79222,Champions Tour Brazil Stage 2: Challengers,mod-br,https://www.vlr.gg/event/911/champions-tour-brazil-stage-2-challengers,911
216946,Champions Tour EMEA Stage 2: Challengers,mod-eu,https://www.vlr.gg/event/984/champions-tour-emea-stage-2-challengers,984
150000,Champions Tour Asia-Pacific Stage 2: Challengers Playoffs,mod-un,https://www.vlr.gg/event/1063/champions-tour-asia-pacific-stage-2-challengers-playoffs,1063
15465,Champions Tour Japan Stage 2: Challengers Playoffs,mod-jp,https://www.vlr.gg/event/1013/champions-tour-japan-stage-2-challengers-playoffs,1013
82940,Champions Tour Korea Stage 2: Challengers,mod-kr,https://www.vlr.gg/event/998/champions-tour-korea-stage-2-challengers,998
15000,Champions Tour Latin America South Stage 2: Challengers,mod-un,https://www.vlr.gg/event/988/champions-tour-latin-america-south-stage-2-challengers,988
15000,Champions Tour Latin America North Stage 2: Challengers,mod-un,https://www.vlr.gg/event/983/champions-tour-latin-america-north-stage-2-challengers,983
28500,Skyesports Champions Series,mod-in,https://www.vlr.gg/event/996/skyesports-champions-series,996
0,Champions Tour Japan Stage 2: Challengers Week 2,mod-jp,https://www.vlr.gg/event/1012/champions-tour-japan-stage-2-challengers-week-2,1012
40760,Champions Tour Vietnam Stage 2: Challengers,mod-vn,https://www.vlr.gg/event/991/champions-tour-vietnam-stage-2-challengers,991
30000,Champions Tour Philippines Stage 2: Challengers,mod-ph,https://www.vlr.gg/event/882/champions-tour-philippines-stage-2-challengers,882
24774,Champions Tour Thailand Stage 2: Challengers,mod-th,https://www.vlr.gg/event/972/champions-tour-thailand-stage-2-challengers,972
25000,Champions Tour Indonesia Stage 2: Challengers,mod-id,https://www.vlr.gg/event/965/champions-tour-indonesia-stage-2-challengers,965
25000,Champions Tour Hong Kong & Taiwan Stage 2: Challengers,mod-tw,https://www.vlr.gg/event/977/champions-tour-hong-kong-taiwan-stage-2-challengers,977
23823,Champions Tour Malaysia & Singapore Stage 2: Challengers,mod-my,https://www.vlr.gg/event/963/champions-tour-malaysia-singapore-stage-2-challengers,963
18574,Oceania Tour: Stage 2,mod-au,https://www.vlr.gg/event/960/oceania-tour-stage-2,960
0,Champions Tour Japan Stage 2: Challengers Week 1,mod-jp,https://www.vlr.gg/event/997/champions-tour-japan-stage-2-challengers-week-1,997
650000,Valorant Champions Tour Stage 1: Masters Reykjavík,mod-is,https://www.vlr.gg/event/926/valorant-champions-tour-stage-1-masters-reykjav-k,926
437,Road to VCT 2022: Stage 2,mod-vn,https://www.vlr.gg/event/955/road-to-vct-2022-stage-2,955
0,Champions Tour Stage 1: EMEA Promotion,mod-eu,https://www.vlr.gg/event/885/champions-tour-stage-1-emea-promotion,885
0,Champions Tour LATAM/BR Stage 1: Last Chance Qualifier,mod-mx,https://www.vlr.gg/event/948/champions-tour-latam-br-stage-1-last-chance-qualifier,948
50000,Champions Tour Latin America Stage 1: Playoffs,mod-mx,https://www.vlr.gg/event/925/champions-tour-latin-america-stage-1-playoffs,925
200000,Champions Tour North America Stage 1: Challengers,mod-us,https://www.vlr.gg/event/799/champions-tour-north-america-stage-1-challengers,799
229200,Champions Tour Stage 1: EMEA Challengers,mod-eu,https://www.vlr.gg/event/854/champions-tour-stage-1-emea-challengers,854
88389,Champions Tour Korea Stage 1: Challengers,mod-kr,https://www.vlr.gg/event/850/champions-tour-korea-stage-1-challengers,850
17575,Champions Tour Japan Stage 1: Challengers Playoffs,mod-jp,https://www.vlr.gg/event/853/champions-tour-japan-stage-1-challengers-playoffs,853
150000,Champions Tour Asia-Pacific Stage 1: Challengers Playoffs,mod-un,https://www.vlr.gg/event/884/champions-tour-asia-pacific-stage-1-challengers-playoffs,884
15000,Champions Tour Latin America South Stage 1: Challengers,mod-un,https://www.vlr.gg/event/845/champions-tour-latin-america-south-stage-1-challengers,845
0,Champions Tour Japan Stage 1: Challengers Week 2,mod-jp,https://www.vlr.gg/event/852/champions-tour-japan-stage-1-challengers-week-2,852
15000,Champions Tour Latin America North Stage 1: Challengers,mod-un,https://www.vlr.gg/event/844/champions-tour-latin-america-north-stage-1-challengers,844
24894,Champions Tour Thailand Stage 1: Challengers,mod-th,https://www.vlr.gg/event/842/champions-tour-thailand-stage-1-challengers,842
25000,Champions Tour Indonesia Stage 1: Challengers,mod-id,https://www.vlr.gg/event/823/champions-tour-indonesia-stage-1-challengers,823
0,Champions Tour Japan Stage 1: Challengers Week 1,mod-jp,https://www.vlr.gg/event/851/champions-tour-japan-stage-1-challengers-week-1,851
30000,Valorant Conquerors Championship,mod-un,https://www.vlr.gg/event/840/valorant-conquerors-championship,840
30000,Champions Tour Philippines Stage 1: Challengers,mod-ph,https://www.vlr.gg/event/841/champions-tour-philippines-stage-1-challengers,841
28236,Champions Tour Vietnam Stage 1: Challengers,mod-vn,https://www.vlr.gg/event/883/champions-tour-vietnam-stage-1-challengers,883
23823,Champions Tour Malaysia & Singapore Stage 1: Challengers,mod-my,https://www.vlr.gg/event/858/champions-tour-malaysia-singapore-stage-1-challengers,858
25000,Champions Tour Hong Kong & Taiwan Stage 1: Challengers,mod-tw,https://www.vlr.gg/event/879/champions-tour-hong-kong-taiwan-stage-1-challengers,879
0,Champions Tour Europe Stage 1: Challengers 2,mod-eu,https://www.vlr.gg/event/795/champions-tour-europe-stage-1-challengers-2,795
72680,Champions Tour Brazil Stage 1: Challengers 1,mod-br,https://www.vlr.gg/event/829/champions-tour-brazil-stage-1-challengers-1,829
18126,Oceania Tour: Stage 1,mod-au,https://www.vlr.gg/event/830/oceania-tour-stage-1,830
3063,Road to VCT 2022,mod-vn,https://www.vlr.gg/event/812/road-to-vct-2022,812
0,Champions Tour CIS Stage 1: Challengers 2,mod-ru,https://www.vlr.gg/event/796/champions-tour-cis-stage-1-challengers-2,796
0,Champions Tour Turkey Stage 1: Challengers 2,mod-tr,https://www.vlr.gg/event/797/champions-tour-turkey-stage-1-challengers-2,797
0,Champions Tour Europe Stage 1: Challengers 1,mod-eu,https://www.vlr.gg/event/792/champions-tour-europe-stage-1-challengers-1,792
0,Champions Tour Turkey Stage 1: Challengers 1,mod-tr,https://www.vlr.gg/event/793/champions-tour-turkey-stage-1-challengers-1,793
0,Champions Tour CIS Stage 1: Challengers 1,mod-ru,https://www.vlr.gg/event/794/champions-tour-cis-stage-1-challengers-1,794
1000000,Valorant Champions 2021,mod-de,https://www.vlr.gg/event/449/valorant-champions-2021,449
0,Champions Tour North America: Last Chance Qualifier,mod-us,https://www.vlr.gg/event/558/champions-tour-north-america-last-chance-qualifier,558
48074,Champions Tour South America: Last Chance Qualifier,mod-br,https://www.vlr.gg/event/561/champions-tour-south-america-last-chance-qualifier,561
0,Champions Tour EMEA: Last Chance Qualifier,mod-eu,https://www.vlr.gg/event/559/champions-tour-emea-last-chance-qualifier,559
0,Champions Tour Asia-Pacific: Last Chance Qualifier,mod-un,https://www.vlr.gg/event/560/champions-tour-asia-pacific-last-chance-qualifier,560
50000,Strike Arabia Championship: Finals,mod-tr,https://www.vlr.gg/event/450/strike-arabia-championship-finals,450
700000,Valorant Champions Tour Stage 3: Masters Berlin,mod-de,https://www.vlr.gg/event/466/valorant-champions-tour-stage-3-masters-berlin,466
14735,Oceania Tour: Championship,mod-au,https://www.vlr.gg/event/649/oceania-tour-championship,649
3000,Strike Arabia League: Season 3,mod-un,https://www.vlr.gg/event/664/strike-arabia-league-season-3,664
100000,Champions Tour SEA Stage 3: Challengers Playoffs,mod-un,https://www.vlr.gg/event/570/champions-tour-sea-stage-3-challengers-playoffs,570
29574,Champions Tour Brazil Stage 3: Challengers Playoffs,mod-br,https://www.vlr.gg/event/536/champions-tour-brazil-stage-3-challengers-playoffs,536
103414,Champions Tour Stage 3: EMEA Challengers Playoffs,mod-eu,https://www.vlr.gg/event/547/champions-tour-stage-3-emea-challengers-playoffs,547
32000,Champions Tour LATAM Stage 3: Challengers Playoffs,mod-un,https://www.vlr.gg/event/621/champions-tour-latam-stage-3-challengers-playoffs,621
100000,Champions Tour North America Stage 3: Challengers Playoffs,mod-us,https://www.vlr.gg/event/578/champions-tour-north-america-stage-3-challengers-playoffs,578
86900,Champions Tour Korea Stage 3: Challengers,mod-kr,https://www.vlr.gg/event/595/champions-tour-korea-stage-3-challengers,595
18152,Champions Tour Japan Stage 3: Challengers Playoffs,mod-jp,https://www.vlr.gg/event/540/champions-tour-japan-stage-3-challengers-playoffs,540
9844,Champions Tour Brazil Stage 3: Challengers 3,mod-br,https://www.vlr.gg/event/535/champions-tour-brazil-stage-3-challengers-3,535
3450,Champions Tour Indonesia Stage 3: Challengers 3,mod-id,https://www.vlr.gg/event/625/champions-tour-indonesia-stage-3-challengers-3,625
2885,Champions Tour Thailand Stage 3: Challengers 3,mod-th,https://www.vlr.gg/event/567/champions-tour-thailand-stage-3-challengers-3,567
3060,Champions Tour Malaysia & Singapore Stage 3: Challengers 3,mod-my,https://www.vlr.gg/event/569/champions-tour-malaysia-singapore-stage-3-challengers-3,569
5340,Champions Tour Philippines Stage 3: Challengers 3,mod-ph,https://www.vlr.gg/event/581/champions-tour-philippines-stage-3-challengers-3,581
6726,Champions Tour Vietnam Stage 3: Challengers 3,mod-vn,https://www.vlr.gg/event/604/champions-tour-vietnam-stage-3-challengers-3,604
5000,Champions Tour Hong Kong & Taiwan Stage 3: Challengers 3,mod-tw,https://www.vlr.gg/event/574/champions-tour-hong-kong-taiwan-stage-3-challengers-3,574
4500,Champions Tour LATAM Stage 3: Challengers 2,mod-un,https://www.vlr.gg/event/517/champions-tour-latam-stage-3-challengers-2,517
50000,Champions Tour North America Stage 3: Challengers 2,mod-us,https://www.vlr.gg/event/576/champions-tour-north-america-stage-3-challengers-2,576
42333,Champions Tour Europe Stage 3: Challengers 2,mod-eu,https://www.vlr.gg/event/544/champions-tour-europe-stage-3-challengers-2,544
21771,Champions Tour Turkey Stage 3: Challengers 2,mod-tr,https://www.vlr.gg/event/545/champions-tour-turkey-stage-3-challengers-2,545
21771,Champions Tour CIS Stage 3: Challengers 2,mod-ru,https://www.vlr.gg/event/546/champions-tour-cis-stage-3-challengers-2,546
9844,Champions Tour Brazil Stage 3: Challengers 2,mod-br,https://www.vlr.gg/event/534/champions-tour-brazil-stage-3-challengers-2,534
3444,Champions Tour Indonesia Stage 3: Challengers 2,mod-id,https://www.vlr.gg/event/611/champions-tour-indonesia-stage-3-challengers-2,611
5000,Champions Tour Hong Kong & Taiwan Stage 3: Challengers 2,mod-tw,https://www.vlr.gg/event/573/champions-tour-hong-kong-taiwan-stage-3-challengers-2,573
3060,Champions Tour Malaysia & Singapore Stage 3: Challengers 2,mod-my,https://www.vlr.gg/event/568/champions-tour-malaysia-singapore-stage-3-challengers-2,568
6726,Champions Tour Vietnam Stage 3: Challengers 2,mod-vn,https://www.vlr.gg/event/603/champions-tour-vietnam-stage-3-challengers-2,603
5340,Champions Tour Philippines Stage 3: Challengers 2,mod-ph,https://www.vlr.gg/event/580/champions-tour-philippines-stage-3-challengers-2,580
2885,Champions Tour Thailand Stage 3: Challengers 2,mod-th,https://www.vlr.gg/event/566/champions-tour-thailand-stage-3-challengers-2,566
0,Champions Tour Japan Stage 3: Challengers 2,mod-jp,https://www.vlr.gg/event/539/champions-tour-japan-stage-3-challengers-2,539
3511,Champions Tour Indonesia Stage 3: Challengers 1,mod-id,https://www.vlr.gg/event/555/champions-tour-indonesia-stage-3-challengers-1,555
2885,Champions Tour Thailand Stage 3: Challengers 1,mod-th,https://www.vlr.gg/event/564/champions-tour-thailand-stage-3-challengers-1,564
5000,Champions Tour Hong Kong & Taiwan Stage 3: Challengers 1,mod-tw,https://www.vlr.gg/event/572/champions-tour-hong-kong-taiwan-stage-3-challengers-1,572
3060,Champions Tour Malaysia & Singapore Stage 3: Challengers 1,mod-my,https://www.vlr.gg/event/565/champions-tour-malaysia-singapore-stage-3-challengers-1,565
5340,Champions Tour Philippines Stage 3: Challengers 1,mod-ph,https://www.vlr.gg/event/579/champions-tour-philippines-stage-3-challengers-1,579
0,Champions Tour Japan Stage 3: Challengers 1,mod-jp,https://www.vlr.gg/event/538/champions-tour-japan-stage-3-challengers-1,538
33000,Valorant Conquerors Championship,mod-un,https://www.vlr.gg/event/557/valorant-conquerors-championship,557
7588,Oceania Tour: Stage 03,mod-au,https://www.vlr.gg/event/594/oceania-tour-stage-03,594
9844,Champions Tour Brazil Stage 3: Challengers 1,mod-br,https://www.vlr.gg/event/533/champions-tour-brazil-stage-3-challengers-1,533
4500,Champions Tour LATAM Stage 3: Challengers 1,mod-un,https://www.vlr.gg/event/516/champions-tour-latam-stage-3-challengers-1,516
50000,Champions Tour North America Stage 3: Challengers 1,mod-us,https://www.vlr.gg/event/520/champions-tour-north-america-stage-3-challengers-1,520
42333,Champions Tour Europe Stage 3: Challengers 1,mod-eu,https://www.vlr.gg/event/541/champions-tour-europe-stage-3-challengers-1,541
6726,Champions Tour Vietnam Stage 3: Challengers 1,mod-vn,https://www.vlr.gg/event/600/champions-tour-vietnam-stage-3-challengers-1,600
4000,Strike Arabia Championship: Season 2,mod-un,https://www.vlr.gg/event/469/strike-arabia-championship-season-2,469
21771,Champions Tour Turkey Stage 3: Challengers 1,mod-tr,https://www.vlr.gg/event/542/champions-tour-turkey-stage-3-challengers-1,542
21771,Champions Tour CIS Stage 3: Challengers 1,mod-ru,https://www.vlr.gg/event/543/champions-tour-cis-stage-3-challengers-1,543
7638,Oceania Tour: Stage 02,mod-au,https://www.vlr.gg/event/403/oceania-tour-stage-02,403
600000,Valorant Champions Tour Stage 2: Masters Reykjavík,mod-is,https://www.vlr.gg/event/353/valorant-champions-tour-stage-2-masters-reykjav-k,353
3000,Strike Arabia League: Season 1,mod-un,https://www.vlr.gg/event/477/strike-arabia-league-season-1,477
20000,Champions Tour LATAM Stage 2: Challengers Finals,mod-mx,https://www.vlr.gg/event/398/champions-tour-latam-stage-2-challengers-finals,398
30386,Champions Tour Brazil Stage 2: Challengers Finals,mod-br,https://www.vlr.gg/event/366/champions-tour-brazil-stage-2-challengers-finals,366
100000,Champions Tour North America Stage 2: Challengers Finals,mod-us,https://www.vlr.gg/event/372/champions-tour-north-america-stage-2-challengers-finals,372
106306,Champions Tour Stage 2: EMEA Challengers Playoffs,mod-eu,https://www.vlr.gg/event/376/champions-tour-stage-2-emea-challengers-playoffs,376
50000,Champions Tour SEA Stage 2: Challengers Finals,mod-un,https://www.vlr.gg/event/429/champions-tour-sea-stage-2-challengers-finals,429
53226,Champions Tour Korea Stage 2: Challengers,mod-kr,https://www.vlr.gg/event/426/champions-tour-korea-stage-2-challengers,426
18418,Champions Tour Japan Stage 2: Challengers Finals,mod-jp,https://www.vlr.gg/event/441/champions-tour-japan-stage-2-challengers-finals,441
4000,Strike Arabia Championship: Season 1,mod-un,https://www.vlr.gg/event/423/strike-arabia-championship-season-1,423
30386,Champions Tour Brazil Stage 2: Challengers 3,mod-br,https://www.vlr.gg/event/365/champions-tour-brazil-stage-2-challengers-3,365
50000,Champions Tour North America Stage 2: Challengers 2,mod-us,https://www.vlr.gg/event/371/champions-tour-north-america-stage-2-challengers-2,371
4500,Champions Tour LATAM Stage 2: Challengers 2,mod-un,https://www.vlr.gg/event/397/champions-tour-latam-stage-2-challengers-2,397
4353,Champions Tour Indonesia Stage 2: Challengers 3,mod-id,https://www.vlr.gg/event/421/champions-tour-indonesia-stage-2-challengers-3,421
4354,Champions Tour Thailand Stage 2: Challengers 2,mod-th,https://www.vlr.gg/event/422/champions-tour-thailand-stage-2-challengers-2,422
23009,Champions Tour Vietnam Stage 2: Challengers,mod-vn,https://www.vlr.gg/event/395/champions-tour-vietnam-stage-2-challengers,395
4236,Champions Tour Philippines Stage 2: Challengers 3,mod-ph,https://www.vlr.gg/event/432/champions-tour-philippines-stage-2-challengers-3,432
10000,Champions Tour Hong Kong & Taiwan Stage 2: Challengers 3,mod-tw,https://www.vlr.gg/event/452/champions-tour-hong-kong-taiwan-stage-2-challengers-3,452
0,Champions Tour Japan Stage 2: Challengers 2,mod-jp,https://www.vlr.gg/event/440/champions-tour-japan-stage-2-challengers-2,440
3116,Champions Tour Malaysia & Singapore Stage 2: Challengers 3,mod-my,https://www.vlr.gg/event/399/champions-tour-malaysia-singapore-stage-2-challengers-3,399
8937,Champions Tour Brazil Stage 2: Challengers 2,mod-br,https://www.vlr.gg/event/364/champions-tour-brazil-stage-2-challengers-2,364
41607,Champions Tour Europe Stage 2: Challengers 2,mod-eu,https://www.vlr.gg/event/375/champions-tour-europe-stage-2-challengers-2,375
21261,Champions Tour Turkey Stage 2: Challengers 2,mod-tr,https://www.vlr.gg/event/392/champions-tour-turkey-stage-2-challengers-2,392
4353,Champions Tour Indonesia Stage 2: Challengers 2,mod-id,https://www.vlr.gg/event/420/champions-tour-indonesia-stage-2-challengers-2,420
2300,Champions Tour Hong Kong & Taiwan Stage 2: Challengers 2,mod-tw,https://www.vlr.gg/event/433/champions-tour-hong-kong-taiwan-stage-2-challengers-2,433
4236,Champions Tour Philippines Stage 2: Challengers 2,mod-ph,https://www.vlr.gg/event/431/champions-tour-philippines-stage-2-challengers-2,431
3116,Champions Tour Malaysia & Singapore Stage 2: Challengers 2,mod-my,https://www.vlr.gg/event/383/champions-tour-malaysia-singapore-stage-2-challengers-2,383
50000,Champions Tour North America Stage 2: Challengers 1,mod-us,https://www.vlr.gg/event/370/champions-tour-north-america-stage-2-challengers-1,370
4500,Champions Tour LATAM Stage 2: Challengers 1,mod-un,https://www.vlr.gg/event/396/champions-tour-latam-stage-2-challengers-1,396
0,Champions Tour Japan Stage 2: Challengers 1,mod-jp,https://www.vlr.gg/event/377/champions-tour-japan-stage-2-challengers-1,377
41341,Champions Tour Europe Stage 2: Challengers 1,mod-eu,https://www.vlr.gg/event/374/champions-tour-europe-stage-2-challengers-1,374
21261,Champions Tour CIS Stage 2: Challengers 1,mod-ru,https://www.vlr.gg/event/387/champions-tour-cis-stage-2-challengers-1,387
21261,Champions Tour Turkey Stage 2: Challengers 1,mod-tr,https://www.vlr.gg/event/388/champions-tour-turkey-stage-2-challengers-1,388
2877,Champions Tour Philippines Stage 2: Challengers 1,mod-ph,https://www.vlr.gg/event/385/champions-tour-philippines-stage-2-challengers-1,385
5000,Champions Tour Hong Kong & Taiwan Stage 2: Challengers 1,mod-tw,https://www.vlr.gg/event/384/champions-tour-hong-kong-taiwan-stage-2-challengers-1,384
4354,Champions Tour Thailand Stage 2: Challengers 1,mod-th,https://www.vlr.gg/event/386/champions-tour-thailand-stage-2-challengers-1,386
1662,Champions Tour Indonesia Stage 2: Challengers 1,mod-id,https://www.vlr.gg/event/379/champions-tour-indonesia-stage-2-challengers-1,379
3116,Champions Tour Malaysia & Singapore Stage 2: Challengers 1,mod-my,https://www.vlr.gg/event/373/champions-tour-malaysia-singapore-stage-2-challengers-1,373
21261,Champions Tour CIS Stage 2: Challengers 2,mod-ru,https://www.vlr.gg/event/391/champions-tour-cis-stage-2-challengers-2,391
8937,Champions Tour Brazil Stage 2: Challengers 1,mod-br,https://www.vlr.gg/event/363/champions-tour-brazil-stage-2-challengers-1,363
60000,Champions Tour LATAM Stage 1: Masters,mod-un,https://www.vlr.gg/event/340/champions-tour-latam-stage-1-masters,340
45469,Champions Tour Brazil Stage 1: Masters,mod-br,https://www.vlr.gg/event/338/champions-tour-brazil-stage-1-masters,338
150000,Champions Tour North America Stage 1: Masters,mod-us,https://www.vlr.gg/event/333/champions-tour-north-america-stage-1-masters,333
150000,Champions Tour Europe Stage 1: Masters,mod-eu,https://www.vlr.gg/event/334/champions-tour-europe-stage-1-masters,334
75000,Champions Tour Turkey Stage 1: Masters,mod-tr,https://www.vlr.gg/event/342/champions-tour-turkey-stage-1-masters,342
75000,Champions Tour CIS Stage 1: Masters,mod-ru,https://www.vlr.gg/event/344/champions-tour-cis-stage-1-masters,344
100000,Champions Tour Korea Stage 1: Masters,mod-kr,https://www.vlr.gg/event/351/champions-tour-korea-stage-1-masters,351
50000,Champions Tour SEA Stage 1: Masters,mod-un,https://www.vlr.gg/event/347/champions-tour-sea-stage-1-masters,347
46765,Champions Tour Japan Stage 1: Masters,mod-jp,https://www.vlr.gg/event/352/champions-tour-japan-stage-1-masters,352
7679,Oceania Tour: Stage 01,mod-au,https://www.vlr.gg/event/297/oceania-tour-stage-01,297
12000,Champions Tour Hong Kong and Taiwan Stage 1: Challengers 3,mod-tw,https://www.vlr.gg/event/348/champions-tour-hong-kong-and-taiwan-stage-1-challengers-3,348
2963,Champions Tour Thailand Stage 1: Challengers 3,mod-th,https://www.vlr.gg/event/349/champions-tour-thailand-stage-1-challengers-3,349
5912,Champions Tour Indonesia Stage 1: Challengers 3,mod-id,https://www.vlr.gg/event/296/champions-tour-indonesia-stage-1-challengers-3,296
3116,Champions Tour Malaysia & Singapore Stage 1: Challengers 3,mod-my,https://www.vlr.gg/event/294/champions-tour-malaysia-singapore-stage-1-challengers-3,294
50000,Champions Tour North America Stage 1: Challengers 3,mod-us,https://www.vlr.gg/event/324/champions-tour-north-america-stage-1-challengers-3,324
9201,Champions Tour Brazil Stage 1: Challengers 3,mod-br,https://www.vlr.gg/event/326/champions-tour-brazil-stage-1-challengers-3,326
21243,Champions Tour Turkey Stage 1: Challengers 3,mod-tr,https://www.vlr.gg/event/339/champions-tour-turkey-stage-1-challengers-3,339
42592,Champions Tour Europe Stage 1: Challengers 3,mod-eu,https://www.vlr.gg/event/328/champions-tour-europe-stage-1-challengers-3,328
21243,Champions Tour CIS Stage 1: Challengers 3,mod-ru,https://www.vlr.gg/event/343/champions-tour-cis-stage-1-challengers-3,343
2676,Champions Tour Philippines Stage 1: Challengers 3,mod-ph,https://www.vlr.gg/event/350/champions-tour-philippines-stage-1-challengers-3,350
17966,Champions Tour Korea Stage 1: Challengers 3,mod-kr,https://www.vlr.gg/event/336/champions-tour-korea-stage-1-challengers-3,336
0,Champions Tour Japan Stage 1: Challengers 3,mod-jp,https://www.vlr.gg/event/345/champions-tour-japan-stage-1-challengers-3,345
4500,Champions Tour LATAM Stage 1: Challengers 3,mod-un,https://www.vlr.gg/event/323/champions-tour-latam-stage-1-challengers-3,323
21243,Champions Tour Turkey Stage 1: Challengers 2,mod-tr,https://www.vlr.gg/event/327/champions-tour-turkey-stage-1-challengers-2,327
21243,Champions Tour CIS Stage 1: Challengers 2,mod-ru,https://www.vlr.gg/event/330/champions-tour-cis-stage-1-challengers-2,330
5000,Champions Tour Hong Kong & Taiwan Stage 1: Challengers 2,mod-tw,https://www.vlr.gg/event/325/champions-tour-hong-kong-taiwan-stage-1-challengers-2,325
5912,Champions Tour Indonesia Stage 1: Challengers 2,mod-id,https://www.vlr.gg/event/295/champions-tour-indonesia-stage-1-challengers-2,295
0,Champions Tour Japan Stage 1: Challengers 2,mod-jp,https://www.vlr.gg/event/331/champions-tour-japan-stage-1-challengers-2,331
3116,Champions Tour Malaysia & Singapore Stage 1: Challengers 2,mod-my,https://www.vlr.gg/event/293/champions-tour-malaysia-singapore-stage-1-challengers-2,293
2964,Champions Tour Thailand Stage 1: Challengers 2,mod-th,https://www.vlr.gg/event/318/champions-tour-thailand-stage-1-challengers-2,318
50000,Champions Tour North America Stage 1: Challengers 2,mod-us,https://www.vlr.gg/event/306/champions-tour-north-america-stage-1-challengers-2,306
4500,Champions Tour LATAM Stage 1: Challengers 2,mod-un,https://www.vlr.gg/event/302/champions-tour-latam-stage-1-challengers-2,302
9115,Champions Tour Brazil Stage 1: Challengers 2,mod-br,https://www.vlr.gg/event/301/champions-tour-brazil-stage-1-challengers-2,301
42210,Champions Tour Europe Stage 1: Challengers 2,mod-eu,https://www.vlr.gg/event/320/champions-tour-europe-stage-1-challengers-2,320
17966,Champions Tour Korea Stage 1: Challengers 2,mod-kr,https://www.vlr.gg/event/307/champions-tour-korea-stage-1-challengers-2,307
0,Champions Tour Japan Stage 1: Challengers 1,mod-jp,https://www.vlr.gg/event/316/champions-tour-japan-stage-1-challengers-1,316
4374,Champions Tour Philippines Stage 1: Challengers 2,mod-ph,https://www.vlr.gg/event/317/champions-tour-philippines-stage-1-challengers-2,317
12115,Champions Tour Turkey Stage 1: Challengers 1,mod-tr,https://www.vlr.gg/event/311/champions-tour-turkey-stage-1-challengers-1,311
12115,Champions Tour CIS Stage 1: Challengers 1,mod-ru,https://www.vlr.gg/event/300/champions-tour-cis-stage-1-challengers-1,300
50000,Champions Tour North America Stage 1: Challengers 1,mod-us,https://www.vlr.gg/event/291/champions-tour-north-america-stage-1-challengers-1,291
9309,Champions Tour Brazil Stage 1: Challengers 1,mod-br,https://www.vlr.gg/event/292/champions-tour-brazil-stage-1-challengers-1,292
21080,Champions Tour Europe Stage 1: Challengers 1,mod-eu,https://www.vlr.gg/event/290/champions-tour-europe-stage-1-challengers-1,290
5000,Champions Tour Hong Kong & Taiwan Stage 1: Challengers 1,mod-tw,https://www.vlr.gg/event/321/champions-tour-hong-kong-taiwan-stage-1-challengers-1,321
17813,Champions Tour Korea Stage 1: Challengers 1,mod-kr,https://www.vlr.gg/event/298/champions-tour-korea-stage-1-challengers-1,298
3277,Champions Tour Indonesia Stage 1: Challengers 1,mod-id,https://www.vlr.gg/event/287/champions-tour-indonesia-stage-1-challengers-1,287
730,Champions Tour Philippines Stage 1: Challengers 1,mod-ph,https://www.vlr.gg/event/304/champions-tour-philippines-stage-1-challengers-1,304
3116,Champions Tour Malaysia & Singapore Stage 1: Challengers 1,mod-my,https://www.vlr.gg/event/277/champions-tour-malaysia-singapore-stage-1-challengers-1,277
3000,Champions Tour Thailand Stage 1: Challengers 1,mod-th,https://www.vlr.gg/event/303/champions-tour-thailand-stage-1-challengers-1,303
4500,Champions Tour LATAM Stage 1: Challengers 1,mod-un,https://www.vlr.gg/event/285/champions-tour-latam-stage-1-challengers-1,285
